Fecha;Cliente;Departamento;Categoría;Producto;Cantidad;Precio_Unitario;Total_Venta
2025-04-06;Fernando Ramírez;Logística;Hogar;Mesa;4;275.3;1101.2
2024-11-04;Ana Sánchez;Logística;Alimentos;Pan;4;304.79;1219.16
2024-08-02;Javier Sánchez;Logística;Alimentos;Leche;5;456.85;2284.25
2024-07-26;Sofía Martínez;Logística;Deportes;Casco;1;270.46;270.46
2024-11-25;Javier Rodríguez;Ventas;Deportes;Raqueta;2;79.8;159.6
2024-06-03;Roberto Torres;Atención al Cliente;Deportes;Pesas;7;239.17;1674.19
2024-06-05;Carlos Martínez;Ventas;Ropa;Pantalón;8;326.63;2613.04
2024-08-11;Fernando Ramírez;Atención al Cliente;Hogar;Silla;5;279.99;1399.95
2024-08-10;Lucía Rodríguez;Atención al Cliente;Alimentos;Carne;10;202.05;2020.5
2025-01-22;Lucía Martínez;Marketing;Electrónica;Laptop;6;71.0;426.0
2025-02-02;Javier Vargas;Atención al Cliente;Alimentos;Pan;4;291.12;1164.48
2024-04-11;Javier López;Ventas;Ropa;Camisa;1;487.87;487.87
2024-11-12;María Pérez;Logística;Alimentos;Frutas;4;290.47;1161.88
2024-04-09;Sofía Gómez;Marketing;Deportes;Balón;5;78.8;394.0
2024-04-16;Elena Fernández;Finanzas;Ropa;Zapatos;6;498.1;2988.6
2024-11-29;Elena Gómez;Ventas;Deportes;Bicicleta;3;238.12;714.36
2024-11-17;María Pérez;Marketing;Hogar;Lámpara;9;301.27;2711.43
2024-05-10;Ana Fernández;Atención al Cliente;Alimentos;Pan;10;217.28;2172.8
2024-09-26;María López;Finanzas;Electrónica;Smartwatch;10;368.05;3680.5
2024-10-29;María Rodríguez;Finanzas;Electrónica;Tablet;5;168.72;843.6
2024-08-02;Elena Sánchez;Ventas;Alimentos;Leche;4;31.96;127.84
2024-07-07;Ana Gómez;Atención al Cliente;Electrónica;Tablet;9;135.48;1219.32
2025-04-04;Lucía Vargas;Ventas;Hogar;Colchón;1;324.37;324.37
2025-01-02;Sofía Vargas;Finanzas;Electrónica;Laptop;3;375.35;1126.05
2025-03-22;Javier López;Logística;Electrónica;Smartwatch;4;315.18;1260.72
2024-11-11;Elena Rodríguez;Atención al Cliente;Ropa;Chaqueta;6;125.67;754.02
2024-07-21;Pedro Vargas;Ventas;Hogar;Mesa;5;232.51;1162.55
2025-03-15;Roberto López;Finanzas;Deportes;Balón;2;114.17;228.34
2024-07-16;Pedro Gómez;Ventas;Hogar;Lámpara;6;71.09;426.54
2024-12-10;Sofía Sánchez;Logística;Alimentos;Pan;9;218.58;1967.22
2024-11-18;Roberto Ramírez;Finanzas;Ropa;Camisa;7;41.9;293.3
2024-11-14;Javier López;Logística;Electrónica;Smartwatch;3;342.06;1026.18
2025-03-19;Roberto Gómez;Logística;Electrónica;Smartwatch;10;299.48;2994.8
2024-07-16;Lucía Ramírez;Marketing;Ropa;Pantalón;9;356.57;3209.13
2024-08-06;Roberto Pérez;Ventas;Alimentos;Leche;10;251.82;2518.2
2024-12-10;Sofía Pérez;Finanzas;Ropa;Bufanda;5;227.33;1136.65
2024-12-05;Carlos Pérez;Atención al Cliente;Electrónica;Teléfono;1;249.38;249.38
2024-12-11;Roberto Torres;Marketing;Ropa;Pantalón;6;266.58;1599.48
2025-01-20;Javier Sánchez;Logística;Electrónica;Auriculares;3;375.3;1125.9
2025-02-17;María Vargas;Atención al Cliente;Hogar;Mesa;8;435.78;3486.24
2024-06-10;Elena Gómez;Finanzas;Electrónica;Tablet;5;49.4;247.0
2025-02-10;Roberto Gómez;Atención al Cliente;Ropa;Pantalón;5;407.02;2035.1
2025-02-06;Carlos Gómez;Marketing;Electrónica;Teléfono;2;37.31;74.62
2024-06-07;Pedro Pérez;Ventas;Alimentos;Pan;6;396.33;2377.98
2024-11-29;Javier Sánchez;Logística;Hogar;Lámpara;2;33.4;66.8
2025-02-18;Javier Vargas;Atención al Cliente;Deportes;Balón;7;81.26;568.82
2024-07-29;Sofía López;Finanzas;Electrónica;Tablet;4;473.57;1894.28
2024-08-21;Fernando Vargas;Finanzas;Ropa;Pantalón;8;106.17;849.36
2025-03-28;Ana Gómez;Logística;Deportes;Raqueta;6;204.52;1227.12
2024-06-27;Lucía Ramírez;Atención al Cliente;Alimentos;Verduras;4;32.67;130.68
2025-03-06;Sofía Gómez;Finanzas;Electrónica;Laptop;6;366.03;2196.18
2024-04-15;Ana Torres;Marketing;Ropa;Pantalón;6;362.32;2173.92
2024-09-09;Carlos Rodríguez;Finanzas;Electrónica;Laptop;8;241.1;1928.8
2025-02-28;Sofía Martínez;Marketing;Electrónica;Teléfono;5;206.98;1034.9
2024-09-12;Carlos Sánchez;Logística;Hogar;Silla;10;224.27;2242.7
2024-10-30;Roberto Vargas;Marketing;Hogar;Silla;3;453.48;1360.44
2024-11-23;Lucía Martínez;Ventas;Deportes;Balón;3;242.36;727.08
2024-08-18;Carlos Fernández;Atención al Cliente;Hogar;Silla;7;404.87;2834.09
2025-02-22;Carlos Rodríguez;Ventas;Hogar;Sofá;3;318.53;955.59
2024-10-09;María Gómez;Atención al Cliente;Alimentos;Pan;8;54.77;438.16
2025-01-27;Elena Fernández;Marketing;Electrónica;Tablet;5;410.82;2054.1
2024-10-02;Roberto Pérez;Finanzas;Deportes;Casco;10;139.49;1394.9
2024-05-02;Javier López;Atención al Cliente;Deportes;Balón;7;343.46;2404.22
2024-07-24;Fernando Sánchez;Finanzas;Ropa;Camisa;10;392.81;3928.1
2024-12-20;Lucía Torres;Logística;Electrónica;Smartwatch;1;332.36;332.36
2024-07-05;Lucía Sánchez;Marketing;Deportes;Pesas;5;276.81;1384.05
2024-05-24;Ana Pérez;Ventas;Hogar;Colchón;8;198.64;1589.12
2024-07-03;Carlos López;Marketing;Electrónica;Laptop;2;496.93;993.86
2025-02-11;Pedro López;Marketing;Deportes;Pesas;7;161.33;1129.31
2024-05-11;María Martínez;Ventas;Deportes;Casco;4;89.16;356.64
2025-02-28;Carlos Torres;Marketing;Deportes;Pesas;7;382.13;2674.91
2024-12-09;María Gómez;Logística;Hogar;Silla;7;70.1;490.7
2024-08-26;Sofía Sánchez;Atención al Cliente;Ropa;Zapatos;8;450.8;3606.4
2025-03-19;Pedro Martínez;Marketing;Ropa;Chaqueta;9;310.96;2798.64
2024-07-29;Ana Martínez;Atención al Cliente;Electrónica;Smartwatch;3;497.88;1493.64
2024-11-01;Sofía Vargas;Logística;Hogar;Lámpara;7;116.68;816.76
2024-10-07;Pedro Gómez;Logística;Deportes;Bicicleta;9;211.97;1907.73
2024-12-27;Ana Martínez;Marketing;Alimentos;Verduras;1;47.74;47.74
2024-10-11;Roberto Rodríguez;Atención al Cliente;Alimentos;Carne;8;151.19;1209.52
2025-01-03;Elena López;Logística;Deportes;Casco;5;233.74;1168.7
2024-05-17;Pedro Ramírez;Atención al Cliente;Deportes;Pesas;10;199.41;1994.1
2024-11-06;Pedro Pérez;Finanzas;Alimentos;Leche;9;26.25;236.25
2025-04-06;Lucía Ramírez;Logística;Ropa;Bufanda;6;485.31;2911.86
2024-07-06;Carlos Martínez;Ventas;Hogar;Sofá;10;357.24;3572.4
2025-01-20;Sofía Fernández;Logística;Deportes;Casco;8;489.3;3914.4
2024-07-19;Carlos Ramírez;Finanzas;Electrónica;Tablet;2;130.7;261.4
2025-01-01;Sofía Ramírez;Logística;Ropa;Chaqueta;7;235.69;1649.83
2024-09-09;Lucía Ramírez;Ventas;Hogar;Lámpara;2;42.75;85.5
2024-11-13;María Sánchez;Finanzas;Alimentos;Leche;7;208.21;1457.47
2025-02-14;Pedro Torres;Marketing;Deportes;Pesas;2;275.56;551.12
2024-11-10;Roberto Fernández;Finanzas;Electrónica;Laptop;7;363.12;2541.84
2024-12-13;Fernando Fernández;Atención al Cliente;Ropa;Pantalón;4;334.02;1336.08
2025-03-07;Ana Martínez;Logística;Electrónica;Teléfono;6;42.43;254.58
2024-08-10;Roberto Pérez;Marketing;Hogar;Colchón;7;171.6;1201.2
2025-03-04;Elena Gómez;Ventas;Hogar;Colchón;7;356.05;2492.35
2024-04-30;Javier Ramírez;Marketing;Electrónica;Smartwatch;2;161.64;323.28
2024-08-23;Carlos Vargas;Finanzas;Electrónica;Teléfono;1;116.23;116.23
2024-08-15;Pedro López;Ventas;Hogar;Mesa;8;386.3;3090.4
2025-03-16;Elena Sánchez;Marketing;Hogar;Silla;5;66.62;333.1
2025-03-31;María López;Ventas;Alimentos;Frutas;8;225.14;1801.12
2025-02-23;Elena Gómez;Finanzas;Hogar;Mesa;10;340.78;3407.8
2025-02-01;Fernando Rodríguez;Finanzas;Alimentos;Verduras;2;241.52;483.04
2024-04-21;Pedro Martínez;Finanzas;Deportes;Balón;4;342.44;1369.76
2024-09-13;Roberto Ramírez;Finanzas;Hogar;Lámpara;1;29.76;29.76
2025-03-16;Pedro López;Marketing;Ropa;Camisa;4;485.55;1942.2
2024-07-12;María Pérez;Logística;Alimentos;Verduras;6;92.7;556.2
2024-11-08;Elena Torres;Marketing;Ropa;Chaqueta;9;166.8;1501.2
2025-02-26;Sofía Fernández;Finanzas;Hogar;Colchón;2;480.11;960.22
2024-10-31;Roberto López;Finanzas;Alimentos;Carne;6;350.76;2104.56
2024-12-05;Carlos Sánchez;Finanzas;Deportes;Pesas;6;41.23;247.38
2024-08-28;Pedro Fernández;Marketing;Ropa;Pantalón;3;277.46;832.38
2024-06-29;Roberto Pérez;Ventas;Deportes;Pesas;7;184.48;1291.36
2024-10-13;Lucía Pérez;Ventas;Ropa;Camisa;4;266.95;1067.8
2024-11-20;Javier Gómez;Finanzas;Hogar;Sofá;4;239.32;957.28
2025-03-08;Javier Torres;Marketing;Hogar;Silla;5;189.53;947.65
2025-02-20;Carlos Torres;Finanzas;Ropa;Pantalón;10;390.11;3901.1
2024-11-24;Elena Fernández;Finanzas;Alimentos;Verduras;10;435.68;4356.8
2024-08-12;Sofía Pérez;Ventas;Ropa;Zapatos;10;180.57;1805.7
2025-04-07;Elena Torres;Logística;Alimentos;Pan;3;467.67;1403.01
2024-10-20;Javier Torres;Atención al Cliente;Hogar;Sofá;4;10.99;43.96
2024-11-12;Pedro Vargas;Ventas;Electrónica;Smartwatch;4;497.92;1991.68
2024-12-01;Carlos Rodríguez;Ventas;Electrónica;Smartwatch;4;215.84;863.36
2025-02-24;Pedro Torres;Marketing;Alimentos;Verduras;7;305.11;2135.77
2024-04-26;Lucía Pérez;Ventas;Hogar;Mesa;7;113.09;791.63
2025-03-11;Lucía Torres;Atención al Cliente;Deportes;Pesas;4;363.53;1454.12
2024-06-09;Sofía Sánchez;Finanzas;Deportes;Pesas;6;87.71;526.26
2024-11-27;Lucía Gómez;Atención al Cliente;Ropa;Zapatos;2;131.33;262.66
2025-03-28;Javier Rodríguez;Marketing;Ropa;Pantalón;4;305.19;1220.76
2024-10-09;Javier López;Ventas;Hogar;Silla;1;108.29;108.29
2025-03-01;Carlos Vargas;Marketing;Ropa;Zapatos;10;121.26;1212.6
2024-05-24;Fernando Fernández;Atención al Cliente;Hogar;Silla;4;297.33;1189.32
2025-03-23;Fernando López;Logística;Ropa;Zapatos;3;227.78;683.34
2024-09-17;Roberto Fernández;Ventas;Electrónica;Smartwatch;8;45.06;360.48
2025-03-24;Lucía Ramírez;Atención al Cliente;Hogar;Colchón;10;221.38;2213.8
2024-05-18;Lucía Fernández;Logística;Alimentos;Frutas;10;225.5;2255.0
2024-06-25;Ana Fernández;Atención al Cliente;Hogar;Lámpara;4;428.21;1712.84
2024-07-11;María López;Ventas;Deportes;Pesas;4;304.09;1216.36
2024-10-20;Fernando Martínez;Logística;Hogar;Mesa;8;419.66;3357.28
2024-07-23;Javier Fernández;Marketing;Electrónica;Tablet;2;481.49;962.98
2025-01-10;Roberto Ramírez;Ventas;Alimentos;Pan;1;240.98;240.98
2025-01-13;Sofía Fernández;Logística;Hogar;Sofá;4;169.4;677.6
2024-12-15;Lucía Rodríguez;Ventas;Alimentos;Frutas;5;201.67;1008.35
2025-03-30;Sofía Ramírez;Logística;Ropa;Camisa;5;396.65;1983.25
2025-01-10;Pedro Gómez;Logística;Ropa;Camisa;4;148.02;592.08
2024-12-30;Sofía Torres;Finanzas;Electrónica;Smartwatch;3;420.55;1261.65
2024-09-14;Lucía Pérez;Logística;Electrónica;Tablet;10;236.46;2364.6
2025-01-19;María Rodríguez;Atención al Cliente;Electrónica;Laptop;4;229.31;917.24
2024-10-04;Pedro Sánchez;Ventas;Ropa;Camisa;2;197.76;395.52
2024-04-27;Elena Ramírez;Finanzas;Ropa;Pantalón;8;300.02;2400.16
2024-11-10;Elena Sánchez;Marketing;Hogar;Sofá;9;362.51;3262.59
2024-04-12;María Torres;Logística;Electrónica;Laptop;6;233.18;1399.08
2024-07-26;María Rodríguez;Finanzas;Alimentos;Pan;5;207.14;1035.7
2025-01-18;Lucía Rodríguez;Finanzas;Electrónica;Auriculares;9;94.07;846.63
2024-05-27;Fernando López;Finanzas;Alimentos;Frutas;10;297.22;2972.2
2025-01-23;Carlos Vargas;Ventas;Alimentos;Verduras;6;337.77;2026.62
2025-04-04;Fernando Martínez;Marketing;Electrónica;Tablet;7;214.53;1501.71
2024-06-12;Lucía Torres;Marketing;Electrónica;Smartwatch;8;81.05;648.4
2024-11-05;Sofía Ramírez;Logística;Ropa;Pantalón;7;168.84;1181.88
2024-06-30;Roberto Martínez;Atención al Cliente;Alimentos;Leche;9;195.55;1759.95
2024-10-24;Carlos Ramírez;Finanzas;Ropa;Camisa;3;494.5;1483.5
2024-05-26;Carlos Vargas;Finanzas;Hogar;Silla;6;63.3;379.8
2025-03-28;Roberto Pérez;Logística;Alimentos;Pan;2;379.29;758.58
2024-08-29;Ana López;Logística;Alimentos;Verduras;5;479.35;2396.75
2024-12-18;Carlos Martínez;Atención al Cliente;Electrónica;Smartwatch;3;268.09;804.27
2024-10-05;María Rodríguez;Finanzas;Ropa;Chaqueta;1;408.94;408.94
2024-07-05;María López;Marketing;Hogar;Sofá;3;451.48;1354.44
2024-10-02;Roberto Rodríguez;Finanzas;Hogar;Colchón;8;164.72;1317.76
2025-03-16;Javier Gómez;Logística;Electrónica;Laptop;3;429.77;1289.31
2024-09-06;Ana Gómez;Finanzas;Electrónica;Teléfono;3;131.98;395.94
2025-04-06;Fernando López;Finanzas;Hogar;Sofá;5;28.22;141.1
2024-06-06;Ana Torres;Ventas;Deportes;Casco;10;267.13;2671.3
2024-06-28;Lucía Ramírez;Marketing;Hogar;Silla;6;392.64;2355.84
2024-09-18;Elena Fernández;Marketing;Deportes;Raqueta;9;190.37;1713.33
2025-02-25;Pedro Gómez;Finanzas;Electrónica;Teléfono;9;116.55;1048.95
2025-01-05;Ana Torres;Atención al Cliente;Deportes;Casco;2;340.98;681.96
2024-11-08;Lucía Ramírez;Ventas;Hogar;Sofá;4;463.55;1854.2
2025-02-17;Fernando López;Ventas;Ropa;Camisa;6;136.21;817.26
2024-05-06;Ana Sánchez;Finanzas;Deportes;Casco;2;392.72;785.44
2024-10-28;Pedro Martínez;Marketing;Electrónica;Auriculares;4;318.59;1274.36
2024-11-24;Fernando Rodríguez;Marketing;Deportes;Pesas;8;357.77;2862.16
2024-08-26;Pedro Ramírez;Atención al Cliente;Ropa;Pantalón;3;131.78;395.34
2024-12-01;Roberto Pérez;Ventas;Ropa;Camisa;6;247.59;1485.54
2024-11-06;Ana Martínez;Marketing;Deportes;Casco;9;106.49;958.41
2024-10-01;Sofía Martínez;Atención al Cliente;Hogar;Lámpara;7;271.38;1899.66
2025-04-06;María Torres;Atención al Cliente;Hogar;Mesa;7;160.38;1122.66
2024-10-16;Roberto Gómez;Ventas;Alimentos;Carne;3;200.6;601.8
2024-11-21;Ana Fernández;Logística;Electrónica;Laptop;8;124.73;997.84
2024-09-26;Lucía Torres;Atención al Cliente;Deportes;Pesas;4;487.2;1948.8
2024-05-25;Lucía Gómez;Marketing;Hogar;Lámpara;5;61.93;309.65
2024-04-24;Roberto Vargas;Finanzas;Hogar;Sofá;6;167.69;1006.14
2025-02-26;Javier Torres;Logística;Ropa;Pantalón;8;381.44;3051.52
2025-03-04;Fernando Fernández;Finanzas;Deportes;Raqueta;1;262.23;262.23
2025-04-03;Javier Ramírez;Finanzas;Electrónica;Smartwatch;9;437.59;3938.31
2024-06-18;Pedro Rodríguez;Atención al Cliente;Electrónica;Tablet;9;269.15;2422.35
2024-05-02;Carlos Sánchez;Logística;Alimentos;Frutas;6;374.79;2248.74
2024-07-07;Fernando Gómez;Finanzas;Alimentos;Frutas;10;191.11;1911.1
2024-05-24;Pedro López;Atención al Cliente;Electrónica;Laptop;6;164.52;987.12
2025-01-20;Carlos López;Atención al Cliente;Electrónica;Teléfono;3;74.11;222.33
2024-10-13;Javier Gómez;Atención al Cliente;Ropa;Zapatos;1;176.58;176.58
2024-09-15;Sofía Torres;Marketing;Alimentos;Pan;10;358.0;3580.0
2024-11-17;María López;Logística;Hogar;Silla;5;164.31;821.55
2024-07-23;Sofía Sánchez;Logística;Electrónica;Auriculares;9;38.98;350.82
2024-09-05;Carlos Gómez;Marketing;Hogar;Sofá;5;317.57;1587.85
2024-11-19;Ana López;Atención al Cliente;Deportes;Pesas;10;385.44;3854.4
2024-11-29;Sofía Fernández;Atención al Cliente;Hogar;Lámpara;1;223.76;223.76
2024-09-03;Roberto López;Ventas;Deportes;Balón;1;183.1;183.1
2024-08-02;Roberto López;Finanzas;Alimentos;Pan;2;189.71;379.42
2024-06-14;Sofía Ramírez;Marketing;Deportes;Balón;7;305.46;2138.22
2024-04-24;Javier Martínez;Finanzas;Electrónica;Laptop;8;282.73;2261.84
2024-05-15;Javier Martínez;Logística;Electrónica;Teléfono;5;185.18;925.9
2025-02-17;María Ramírez;Finanzas;Electrónica;Laptop;7;450.85;3155.95
2024-08-30;Carlos Rodríguez;Logística;Alimentos;Leche;5;276.91;1384.55
2024-11-08;Fernando Torres;Marketing;Hogar;Colchón;3;36.77;110.31
2024-07-27;Fernando Fernández;Finanzas;Ropa;Pantalón;8;206.32;1650.56
2024-05-29;Carlos Gómez;Marketing;Electrónica;Tablet;9;441.41;3972.69
2024-09-18;Javier Pérez;Marketing;Alimentos;Carne;9;273.24;2459.16
2024-04-24;Lucía Rodríguez;Ventas;Deportes;Balón;9;230.43;2073.87
2025-02-16;Javier Gómez;Logística;Hogar;Colchón;1;209.17;209.17
2024-09-02;Roberto Pérez;Logística;Alimentos;Leche;6;102.51;615.06
2025-01-18;Ana Martínez;Ventas;Ropa;Pantalón;8;21.07;168.56
2025-02-19;Elena Martínez;Marketing;Ropa;Chaqueta;8;460.29;3682.32
2025-02-03;María Rodríguez;Atención al Cliente;Electrónica;Tablet;9;107.32;965.88
2025-02-21;Carlos Fernández;Atención al Cliente;Electrónica;Tablet;4;121.79;487.16
2024-08-28;Carlos Martínez;Atención al Cliente;Deportes;Raqueta;5;160.17;800.85
2024-12-22;Lucía Martínez;Atención al Cliente;Deportes;Pesas;10;368.72;3687.2
2024-07-08;Sofía Ramírez;Ventas;Deportes;Raqueta;2;205.59;411.18
2024-06-21;Fernando Torres;Ventas;Electrónica;Tablet;10;74.93;749.3
2025-02-27;Pedro Gómez;Marketing;Hogar;Sofá;6;60.59;363.54
2024-12-05;Ana Torres;Marketing;Electrónica;Smartwatch;10;321.33;3213.3
2025-04-06;María Gómez;Marketing;Deportes;Bicicleta;8;405.38;3243.04
2025-02-09;Fernando Vargas;Ventas;Ropa;Bufanda;5;371.39;1856.95
2024-07-16;Fernando Ramírez;Marketing;Deportes;Casco;1;460.39;460.39
2024-05-03;Ana Vargas;Atención al Cliente;Alimentos;Frutas;7;68.77;481.39
2024-07-06;Elena Vargas;Finanzas;Ropa;Pantalón;1;81.41;81.41
2024-09-24;Pedro Sánchez;Ventas;Alimentos;Pan;10;148.49;1484.9
2024-10-29;Sofía Martínez;Marketing;Hogar;Silla;7;41.17;288.19
2024-09-03;Ana Fernández;Logística;Deportes;Raqueta;9;491.8;4426.2
2025-04-05;Sofía Ramírez;Finanzas;Electrónica;Tablet;1;340.63;340.63
2024-05-11;Carlos Martínez;Ventas;Hogar;Mesa;2;193.91;387.82
2025-01-13;Carlos Pérez;Ventas;Electrónica;Auriculares;4;148.22;592.88
2024-12-05;Ana Pérez;Marketing;Ropa;Pantalón;4;41.97;167.88
2024-09-24;Carlos Gómez;Atención al Cliente;Ropa;Bufanda;1;26.56;26.56
2025-03-21;Lucía Martínez;Logística;Hogar;Silla;10;171.55;1715.5
2025-01-26;Lucía Sánchez;Finanzas;Ropa;Camisa;3;109.7;329.1
2024-10-24;Fernando Vargas;Atención al Cliente;Ropa;Chaqueta;6;324.57;1947.42
2024-07-07;Pedro Gómez;Atención al Cliente;Alimentos;Carne;3;57.61;172.83
2025-03-03;Lucía Vargas;Marketing;Ropa;Chaqueta;1;298.98;298.98
2024-10-11;Ana Rodríguez;Finanzas;Deportes;Raqueta;9;490.89;4418.01
2024-07-08;Sofía Ramírez;Logística;Alimentos;Leche;7;25.9;181.3
2025-02-12;Roberto Pérez;Logística;Ropa;Camisa;4;74.32;297.28
2024-09-03;Fernando Gómez;Logística;Hogar;Mesa;7;244.74;1713.18
2024-06-14;Carlos Ramírez;Ventas;Hogar;Lámpara;7;20.59;144.13
2024-12-25;Lucía Sánchez;Logística;Electrónica;Teléfono;5;312.9;1564.5
2024-12-14;Elena Fernández;Atención al Cliente;Deportes;Raqueta;3;377.74;1133.22
2024-07-08;Fernando Sánchez;Ventas;Electrónica;Laptop;2;27.79;55.58
2025-03-27;Ana Martínez;Logística;Ropa;Camisa;6;414.6;2487.6
2024-04-10;Elena Ramírez;Atención al Cliente;Ropa;Bufanda;2;401.69;803.38
2024-08-16;Sofía Vargas;Ventas;Ropa;Zapatos;7;39.89;279.23
2024-07-05;María Vargas;Ventas;Alimentos;Leche;5;346.12;1730.6
2024-06-02;Pedro Martínez;Atención al Cliente;Deportes;Balón;5;139.3;696.5
2025-02-14;María Sánchez;Marketing;Deportes;Pesas;7;313.34;2193.38
2024-12-31;Ana Ramírez;Logística;Ropa;Zapatos;5;83.35;416.75
2024-08-10;Sofía Torres;Logística;Deportes;Pesas;3;253.82;761.46
2024-12-14;Sofía Pérez;Marketing;Ropa;Chaqueta;5;230.58;1152.9
2025-03-20;Pedro Fernández;Finanzas;Alimentos;Frutas;5;158.74;793.7
2024-09-28;Carlos Ramírez;Ventas;Electrónica;Teléfono;1;265.02;265.02
2024-10-29;Javier Fernández;Ventas;Electrónica;Laptop;1;63.92;63.92
2024-05-25;Ana López;Ventas;Alimentos;Pan;5;118.53;592.65
2024-10-11;Sofía Fernández;Atención al Cliente;Deportes;Pesas;3;156.92;470.76
2024-10-02;Carlos Vargas;Ventas;Deportes;Casco;4;357.23;1428.92
2024-12-19;Fernando Torres;Marketing;Alimentos;Leche;5;321.78;1608.9
2024-08-16;Fernando Torres;Atención al Cliente;Alimentos;Carne;1;447.51;447.51
2024-07-18;Carlos Ramírez;Atención al Cliente;Electrónica;Laptop;5;207.72;1038.6
2024-04-30;Pedro López;Finanzas;Alimentos;Frutas;10;127.94;1279.4
2024-12-16;Lucía Torres;Finanzas;Deportes;Balón;8;406.94;3255.52
2024-08-30;Ana Torres;Marketing;Hogar;Mesa;7;81.03;567.21
2024-10-18;Roberto Rodríguez;Finanzas;Ropa;Bufanda;5;370.43;1852.15
2024-08-28;Fernando Gómez;Finanzas;Alimentos;Pan;10;246.38;2463.8
2024-04-24;Carlos Gómez;Ventas;Alimentos;Pan;8;434.84;3478.72
2024-10-26;Carlos Torres;Ventas;Ropa;Camisa;7;98.75;691.25
2025-02-22;Sofía Ramírez;Atención al Cliente;Alimentos;Carne;3;296.4;889.2
2025-03-08;Ana López;Finanzas;Alimentos;Frutas;9;305.06;2745.54
2024-10-24;Sofía Martínez;Logística;Electrónica;Tablet;8;99.0;792.0
2024-08-02;Fernando Fernández;Ventas;Alimentos;Verduras;6;293.6;1761.6
2024-08-22;María Pérez;Marketing;Alimentos;Leche;2;174.51;349.02
2025-02-08;Sofía Rodríguez;Marketing;Electrónica;Teléfono;1;295.22;295.22
2025-01-03;María Ramírez;Atención al Cliente;Electrónica;Laptop;4;225.6;902.4
2025-03-21;Carlos Sánchez;Finanzas;Hogar;Mesa;10;215.53;2155.3
2024-04-12;Lucía Vargas;Logística;Alimentos;Pan;3;338.96;1016.88
2024-08-01;Ana Torres;Finanzas;Ropa;Bufanda;9;249.04;2241.36
2024-12-22;Fernando Martínez;Atención al Cliente;Alimentos;Verduras;9;421.88;3796.92
2024-09-19;Lucía Sánchez;Finanzas;Ropa;Zapatos;2;171.57;343.14
2024-08-19;Pedro Fernández;Finanzas;Deportes;Casco;10;310.98;3109.8
2024-11-02;Lucía Fernández;Marketing;Alimentos;Frutas;2;208.21;416.42
2025-02-10;Elena Fernández;Finanzas;Ropa;Chaqueta;2;229.06;458.12
2025-01-21;Lucía López;Finanzas;Deportes;Bicicleta;4;491.4;1965.6
2024-12-04;Carlos Pérez;Logística;Alimentos;Carne;2;383.03;766.06
2025-03-28;Roberto Martínez;Atención al Cliente;Alimentos;Pan;1;54.34;54.34
2025-01-18;Roberto Fernández;Marketing;Ropa;Bufanda;2;127.45;254.9
2024-06-28;Sofía Pérez;Ventas;Alimentos;Pan;3;452.92;1358.76
2024-11-15;Elena Ramírez;Marketing;Electrónica;Auriculares;5;376.66;1883.3
2024-08-10;Pedro Vargas;Logística;Alimentos;Verduras;8;156.23;1249.84
2024-05-17;Sofía Gómez;Finanzas;Deportes;Casco;9;185.37;1668.33
2024-09-21;María Pérez;Finanzas;Alimentos;Verduras;5;246.08;1230.4
2024-10-29;Fernando Pérez;Logística;Hogar;Lámpara;8;122.86;982.88
2024-11-22;Elena Ramírez;Marketing;Electrónica;Tablet;1;373.08;373.08
2024-11-24;Fernando Torres;Atención al Cliente;Alimentos;Carne;6;239.13;1434.78
2024-12-11;Pedro Martínez;Finanzas;Ropa;Bufanda;2;371.97;743.94
2024-06-07;María Vargas;Finanzas;Alimentos;Carne;9;53.92;485.28
2024-09-02;Sofía Fernández;Marketing;Hogar;Mesa;2;189.08;378.16
2024-05-25;Carlos Sánchez;Finanzas;Deportes;Raqueta;1;66.45;66.45
2024-11-14;María Martínez;Marketing;Ropa;Zapatos;10;282.04;2820.4
2025-02-18;Elena Fernández;Atención al Cliente;Electrónica;Laptop;3;463.32;1389.96
2025-01-10;Lucía Pérez;Ventas;Deportes;Bicicleta;9;392.31;3530.79
2024-04-22;María Vargas;Marketing;Hogar;Silla;10;226.84;2268.4
2024-11-28;Fernando Torres;Atención al Cliente;Deportes;Balón;6;393.78;2362.68
2025-03-27;Pedro Vargas;Finanzas;Ropa;Pantalón;2;141.31;282.62
2024-08-15;Fernando Sánchez;Marketing;Ropa;Camisa;6;408.77;2452.62
2024-07-15;Carlos Ramírez;Finanzas;Electrónica;Teléfono;3;157.02;471.06
2024-04-18;María Pérez;Logística;Electrónica;Auriculares;2;197.71;395.42
2024-05-15;Carlos Gómez;Atención al Cliente;Alimentos;Frutas;4;71.86;287.44
2024-11-18;Sofía Rodríguez;Ventas;Deportes;Pesas;2;467.35;934.7
2024-12-01;Sofía Pérez;Logística;Alimentos;Frutas;7;246.19;1723.33
2025-01-28;María Pérez;Ventas;Electrónica;Teléfono;10;308.53;3085.3
2025-03-23;Sofía Gómez;Marketing;Alimentos;Frutas;1;117.77;117.77
2025-03-02;Pedro Torres;Logística;Hogar;Colchón;6;417.34;2504.04
2024-11-11;Ana López;Ventas;Alimentos;Verduras;2;494.08;988.16
2025-01-20;Roberto López;Ventas;Deportes;Raqueta;7;57.31;401.17
2024-08-23;Elena Rodríguez;Logística;Hogar;Sofá;3;271.94;815.82
2024-05-03;María Vargas;Ventas;Ropa;Chaqueta;9;64.65;581.85
2024-07-19;Pedro Sánchez;Finanzas;Deportes;Pesas;4;337.9;1351.6
2024-10-28;Ana Pérez;Ventas;Alimentos;Verduras;3;436.12;1308.36
2024-05-03;Ana Gómez;Finanzas;Deportes;Casco;1;256.02;256.02
2025-01-27;María Ramírez;Atención al Cliente;Electrónica;Smartwatch;1;104.26;104.26
2024-04-13;Pedro Sánchez;Atención al Cliente;Hogar;Lámpara;3;90.69;272.07
2024-07-08;Pedro Torres;Marketing;Electrónica;Tablet;10;230.06;2300.6
2024-07-09;Carlos Pérez;Atención al Cliente;Deportes;Bicicleta;3;350.79;1052.37
2024-10-30;Pedro Fernández;Finanzas;Ropa;Chaqueta;3;53.78;161.34
2024-12-18;Roberto Gómez;Finanzas;Electrónica;Tablet;7;379.19;2654.33
2024-04-27;Sofía Ramírez;Ventas;Alimentos;Verduras;6;49.8;298.8
2024-05-15;Elena López;Ventas;Deportes;Casco;10;150.13;1501.3
2024-09-11;Roberto Martínez;Finanzas;Ropa;Chaqueta;7;461.88;3233.16
2024-07-29;Sofía Sánchez;Marketing;Ropa;Pantalón;4;286.62;1146.48
2024-10-13;Elena Fernández;Ventas;Deportes;Balón;6;228.97;1373.82
2025-02-22;Ana López;Ventas;Electrónica;Tablet;2;448.94;897.88
2024-08-17;Elena Gómez;Logística;Alimentos;Frutas;7;227.25;1590.75
2024-05-08;Roberto Vargas;Marketing;Electrónica;Teléfono;6;199.4;1196.4
2024-05-21;Pedro Torres;Logística;Electrónica;Teléfono;9;309.58;2786.22
2024-11-19;Carlos Fernández;Logística;Hogar;Silla;1;317.6;317.6
2024-08-27;Carlos Sánchez;Marketing;Ropa;Chaqueta;10;461.55;4615.5
2024-07-17;Roberto Martínez;Atención al Cliente;Ropa;Camisa;10;185.09;1850.9
2024-10-30;Fernando Martínez;Atención al Cliente;Deportes;Raqueta;2;323.12;646.24
2024-09-06;Pedro López;Finanzas;Electrónica;Tablet;7;399.87;2799.09
2025-01-19;Carlos Torres;Atención al Cliente;Deportes;Raqueta;6;299.89;1799.34
2024-06-23;Roberto Rodríguez;Marketing;Ropa;Pantalón;2;409.45;818.9
2025-03-27;María Pérez;Logística;Electrónica;Teléfono;9;442.06;3978.54
2024-05-31;Sofía Martínez;Ventas;Alimentos;Carne;1;209.77;209.77
2024-07-04;Lucía Martínez;Atención al Cliente;Electrónica;Laptop;8;487.09;3896.72
2024-07-16;María Pérez;Ventas;Deportes;Balón;6;232.3;1393.8
2024-05-20;Fernando Pérez;Marketing;Ropa;Camisa;9;453.03;4077.27
2024-07-13;Lucía Pérez;Ventas;Ropa;Chaqueta;2;433.93;867.86
2024-05-09;Pedro Martínez;Marketing;Ropa;Bufanda;8;201.29;1610.32
2024-05-26;Roberto López;Marketing;Hogar;Colchón;1;303.92;303.92
2024-07-04;Roberto Vargas;Marketing;Ropa;Camisa;10;387.92;3879.2
2024-08-23;Lucía Martínez;Atención al Cliente;Deportes;Pesas;2;361.49;722.98
2025-02-05;Javier Sánchez;Logística;Ropa;Bufanda;3;58.47;175.41
2024-10-05;Javier Torres;Ventas;Hogar;Sofá;6;300.69;1804.14
2024-11-16;Elena Torres;Finanzas;Electrónica;Laptop;6;47.16;282.96
2024-10-02;Pedro López;Marketing;Hogar;Lámpara;10;454.81;4548.1
2024-04-30;Carlos Martínez;Marketing;Electrónica;Auriculares;1;412.3;412.3
2025-01-11;Carlos Torres;Marketing;Deportes;Raqueta;10;364.84;3648.4
2024-08-11;Ana Pérez;Logística;Deportes;Bicicleta;7;226.5;1585.5
2024-06-09;Roberto Pérez;Atención al Cliente;Electrónica;Tablet;8;207.61;1660.88
2024-05-24;Lucía Fernández;Finanzas;Hogar;Silla;1;392.39;392.39
2024-04-26;Sofía Rodríguez;Ventas;Ropa;Camisa;4;61.97;247.88
2024-09-23;Javier Gómez;Finanzas;Ropa;Zapatos;9;434.66;3911.94
2024-11-04;Sofía Gómez;Logística;Ropa;Camisa;6;62.26;373.56
2025-02-13;Fernando Sánchez;Atención al Cliente;Deportes;Pesas;1;390.3;390.3
2024-05-08;María Gómez;Marketing;Deportes;Pesas;6;110.21;661.26
2024-05-01;Roberto Pérez;Ventas;Alimentos;Leche;8;347.37;2778.96
2024-11-26;Pedro Pérez;Atención al Cliente;Hogar;Lámpara;5;250.25;1251.25
2024-11-14;Roberto Ramírez;Ventas;Alimentos;Leche;8;474.88;3799.04
2024-04-17;María Sánchez;Atención al Cliente;Electrónica;Tablet;10;209.84;2098.4
2025-01-16;Sofía Gómez;Finanzas;Alimentos;Verduras;3;315.66;946.98
2024-05-07;Fernando Torres;Marketing;Hogar;Colchón;3;63.89;191.67
2025-03-30;Ana López;Logística;Electrónica;Tablet;3;294.33;882.99
2024-06-27;Fernando Torres;Finanzas;Ropa;Chaqueta;2;461.01;922.02
2024-12-08;Elena Rodríguez;Ventas;Ropa;Pantalón;4;215.08;860.32
2024-06-19;Carlos Fernández;Atención al Cliente;Ropa;Chaqueta;6;481.38;2888.28
2025-01-27;Carlos Ramírez;Marketing;Electrónica;Laptop;2;21.99;43.98
2025-03-25;Elena Sánchez;Atención al Cliente;Alimentos;Leche;5;440.92;2204.6
2024-04-12;Sofía Fernández;Logística;Ropa;Chaqueta;4;125.01;500.04
2024-07-22;Lucía Pérez;Finanzas;Electrónica;Smartwatch;3;416.28;1248.84
2025-01-28;Pedro Gómez;Finanzas;Alimentos;Verduras;7;172.1;1204.7
2024-05-21;Javier Fernández;Marketing;Ropa;Zapatos;4;229.37;917.48
2024-07-04;Sofía Vargas;Ventas;Alimentos;Frutas;3;327.88;983.64
2024-11-22;María Ramírez;Ventas;Electrónica;Laptop;10;157.27;1572.7
2025-04-06;Roberto Ramírez;Ventas;Hogar;Lámpara;2;389.04;778.08
2024-12-02;Pedro Martínez;Atención al Cliente;Deportes;Casco;4;92.62;370.48
2024-08-03;Carlos Torres;Finanzas;Deportes;Pesas;10;83.45;834.5
2024-08-16;Carlos Rodríguez;Marketing;Electrónica;Laptop;9;388.53;3496.77
2024-11-29;Elena López;Finanzas;Ropa;Camisa;1;60.06;60.06
2024-08-10;María Gómez;Ventas;Ropa;Chaqueta;1;231.01;231.01
2024-11-01;Pedro Sánchez;Atención al Cliente;Hogar;Sofá;1;70.71;70.71
2024-04-16;Roberto Gómez;Ventas;Electrónica;Tablet;2;56.83;113.66
2024-05-10;María Sánchez;Atención al Cliente;Hogar;Sofá;6;72.88;437.28
2024-12-11;Roberto López;Finanzas;Ropa;Zapatos;5;362.21;1811.05
2025-03-26;Sofía Sánchez;Ventas;Deportes;Pesas;7;205.44;1438.08
2024-09-01;Pedro Fernández;Ventas;Deportes;Balón;8;280.8;2246.4
2025-02-13;Fernando Sánchez;Ventas;Hogar;Mesa;6;267.24;1603.44
2024-11-07;Sofía Martínez;Marketing;Electrónica;Teléfono;2;382.99;765.98
2024-05-24;Roberto Fernández;Ventas;Ropa;Bufanda;7;402.63;2818.41
2024-08-05;Roberto Gómez;Finanzas;Deportes;Bicicleta;5;59.44;297.2
2024-05-23;Fernando López;Finanzas;Ropa;Pantalón;7;411.22;2878.54
2024-09-27;Lucía López;Marketing;Deportes;Pesas;4;215.78;863.12
2024-12-08;Fernando Martínez;Ventas;Alimentos;Carne;6;20.27;121.62
2024-08-03;Carlos Vargas;Marketing;Hogar;Silla;4;417.26;1669.04
2024-08-06;María Gómez;Logística;Alimentos;Leche;2;294.31;588.62
2024-11-15;Elena Sánchez;Finanzas;Ropa;Pantalón;4;175.45;701.8
2024-06-09;Pedro Vargas;Logística;Deportes;Casco;6;408.37;2450.22
2024-08-03;Lucía Fernández;Marketing;Deportes;Bicicleta;3;412.72;1238.16
2024-05-21;Roberto Torres;Logística;Deportes;Casco;6;471.7;2830.2
2025-01-12;Fernando Ramírez;Atención al Cliente;Ropa;Bufanda;9;191.23;1721.07
2025-03-08;Roberto López;Marketing;Electrónica;Smartwatch;5;366.82;1834.1
2025-01-16;Elena Vargas;Ventas;Deportes;Raqueta;10;31.03;310.3
2024-05-25;Ana Pérez;Finanzas;Hogar;Mesa;9;364.06;3276.54
2024-05-08;María Ramírez;Marketing;Hogar;Mesa;9;289.98;2609.82
2024-08-29;Fernando López;Marketing;Electrónica;Laptop;6;98.56;591.36
2025-01-17;Elena Pérez;Marketing;Hogar;Silla;1;41.42;41.42
2024-04-17;Sofía Martínez;Finanzas;Ropa;Chaqueta;2;419.19;838.38
2024-06-09;Carlos Torres;Logística;Hogar;Lámpara;3;272.55;817.65
2024-09-30;Elena López;Atención al Cliente;Deportes;Bicicleta;1;265.05;265.05
2024-06-26;Sofía Fernández;Marketing;Electrónica;Auriculares;2;232.64;465.28
2025-01-02;Carlos Rodríguez;Atención al Cliente;Alimentos;Verduras;9;462.22;4159.98
2024-09-02;Pedro López;Logística;Deportes;Casco;3;329.8;989.4
2024-07-15;Ana Torres;Logística;Hogar;Mesa;3;363.68;1091.04
2024-06-01;Ana Vargas;Finanzas;Ropa;Chaqueta;7;136.85;957.95
2024-06-28;María Pérez;Finanzas;Electrónica;Laptop;1;355.73;355.73
2025-03-08;Pedro Martínez;Logística;Hogar;Colchón;6;470.82;2824.92
2024-10-30;Carlos López;Finanzas;Hogar;Sofá;7;73.43;514.01
2024-09-26;Carlos Torres;Atención al Cliente;Deportes;Casco;7;103.13;721.91
2024-11-18;Elena Vargas;Logística;Alimentos;Carne;7;406.38;2844.66
2025-04-05;Ana Rodríguez;Ventas;Hogar;Sofá;3;485.9;1457.7
2024-11-01;Sofía Pérez;Logística;Alimentos;Leche;7;483.19;3382.33
2024-08-22;Sofía Vargas;Atención al Cliente;Ropa;Zapatos;1;482.88;482.88
2025-03-23;Lucía Ramírez;Logística;Electrónica;Teléfono;1;208.25;208.25
2025-03-12;Elena Pérez;Atención al Cliente;Ropa;Zapatos;2;340.66;681.32
2024-11-02;Lucía Ramírez;Atención al Cliente;Alimentos;Pan;9;477.2;4294.8
2025-02-16;Lucía López;Marketing;Alimentos;Leche;10;171.93;1719.3
2024-11-19;Lucía Martínez;Finanzas;Ropa;Camisa;10;136.48;1364.8
2024-12-17;Pedro Rodríguez;Finanzas;Hogar;Colchón;7;53.24;372.68
2024-09-01;Lucía Pérez;Logística;Electrónica;Smartwatch;9;24.69;222.21
2024-05-30;Carlos Sánchez;Atención al Cliente;Deportes;Casco;5;101.42;507.1
2024-05-17;Sofía Pérez;Marketing;Alimentos;Verduras;4;458.75;1835.0
2025-01-15;Elena Vargas;Atención al Cliente;Alimentos;Frutas;9;307.54;2767.86
2025-03-31;Sofía López;Atención al Cliente;Ropa;Camisa;9;355.48;3199.32
2024-10-02;Roberto Fernández;Ventas;Electrónica;Smartwatch;4;347.5;1390.0
2024-12-29;Ana Torres;Logística;Hogar;Colchón;8;90.55;724.4
2024-07-04;Elena Martínez;Atención al Cliente;Deportes;Raqueta;7;211.9;1483.3
2024-04-18;Carlos Rodríguez;Atención al Cliente;Alimentos;Leche;8;351.95;2815.6
2024-04-25;Javier Martínez;Atención al Cliente;Deportes;Pesas;5;347.65;1738.25
2024-07-29;Roberto Rodríguez;Ventas;Deportes;Bicicleta;9;345.19;3106.71
2024-07-23;Elena Ramírez;Atención al Cliente;Hogar;Mesa;3;319.84;959.52
2024-04-23;Pedro Vargas;Logística;Alimentos;Leche;7;162.31;1136.17
2024-04-13;Javier Gómez;Finanzas;Electrónica;Laptop;10;259.17;2591.7
2025-01-04;Fernando López;Atención al Cliente;Deportes;Balón;6;202.22;1213.32
2024-09-17;Elena Rodríguez;Ventas;Ropa;Bufanda;6;204.72;1228.32
2024-05-20;Elena Sánchez;Atención al Cliente;Deportes;Pesas;10;369.0;3690.0
2025-03-09;Carlos Fernández;Finanzas;Deportes;Pesas;8;113.34;906.72
2025-02-22;Pedro Gómez;Ventas;Hogar;Silla;7;218.62;1530.34
2024-05-19;Lucía Martínez;Marketing;Electrónica;Teléfono;5;157.86;789.3
2025-02-25;Roberto López;Logística;Electrónica;Tablet;7;348.39;2438.73
2024-07-01;Lucía Martínez;Finanzas;Hogar;Colchón;9;231.44;2082.96
2025-01-24;Ana Fernández;Marketing;Alimentos;Verduras;2;362.98;725.96
2024-06-24;Pedro Fernández;Marketing;Electrónica;Smartwatch;10;49.77;497.7
2024-11-15;María Ramírez;Logística;Hogar;Colchón;5;70.83;354.15
2024-11-08;Roberto Sánchez;Ventas;Hogar;Colchón;5;384.28;1921.4
2024-08-26;Javier Martínez;Atención al Cliente;Deportes;Bicicleta;7;318.45;2229.15
2024-05-29;Roberto Vargas;Marketing;Ropa;Chaqueta;3;259.57;778.71
2024-07-17;Javier Vargas;Marketing;Alimentos;Carne;5;5.97;29.85
2024-12-27;Lucía Rodríguez;Finanzas;Electrónica;Tablet;5;374.1;1870.5
2024-06-30;Carlos Ramírez;Atención al Cliente;Deportes;Casco;3;167.51;502.53
2025-01-27;Fernando Martínez;Atención al Cliente;Electrónica;Tablet;3;121.75;365.25
2025-01-06;María Sánchez;Finanzas;Ropa;Bufanda;1;50.14;50.14
2024-12-14;Pedro Martínez;Finanzas;Ropa;Pantalón;7;403.05;2821.35
2024-05-22;Pedro López;Marketing;Electrónica;Teléfono;6;346.06;2076.36
2024-04-30;Elena Gómez;Logística;Hogar;Sofá;6;398.39;2390.34
2025-04-06;Elena López;Ventas;Ropa;Zapatos;10;6.79;67.9
2025-02-09;Ana López;Atención al Cliente;Electrónica;Smartwatch;1;170.56;170.56
2024-04-13;Javier Gómez;Finanzas;Electrónica;Tablet;7;160.67;1124.69
2024-05-07;Carlos Fernández;Finanzas;Hogar;Mesa;2;257.8;515.6
2025-04-08;Roberto Vargas;Marketing;Ropa;Camisa;4;177.92;711.68
2024-07-19;Lucía Torres;Atención al Cliente;Hogar;Colchón;4;123.99;495.96
2024-12-05;Roberto Martínez;Logística;Deportes;Balón;2;92.21;184.42
2024-06-17;Javier Pérez;Ventas;Ropa;Zapatos;7;458.61;3210.27
2024-10-26;Pedro López;Atención al Cliente;Electrónica;Laptop;6;455.53;2733.18
2024-05-25;María Ramírez;Finanzas;Alimentos;Verduras;1;193.31;193.31
2025-03-19;María Gómez;Finanzas;Alimentos;Leche;2;406.37;812.74
2024-12-12;Pedro Pérez;Finanzas;Electrónica;Smartwatch;1;458.07;458.07
2025-03-03;Pedro López;Finanzas;Ropa;Pantalón;4;114.99;459.96
2024-10-16;Pedro Rodríguez;Marketing;Alimentos;Pan;4;22.98;91.92
2025-04-05;Lucía Sánchez;Marketing;Ropa;Zapatos;4;350.75;1403.0
2024-10-29;Roberto López;Atención al Cliente;Deportes;Pesas;5;29.16;145.8
2024-07-03;Ana Gómez;Finanzas;Ropa;Chaqueta;1;136.62;136.62
2024-12-23;Sofía Gómez;Finanzas;Alimentos;Frutas;2;81.07;162.14
2024-11-14;Sofía Torres;Ventas;Electrónica;Tablet;1;122.31;122.31
2024-12-02;Roberto Torres;Atención al Cliente;Electrónica;Auriculares;1;223.96;223.96
2024-08-15;Ana Sánchez;Finanzas;Ropa;Chaqueta;5;29.54;147.7
2024-11-09;Carlos Ramírez;Atención al Cliente;Alimentos;Frutas;1;57.53;57.53
2024-10-10;Ana Pérez;Finanzas;Electrónica;Auriculares;6;123.4;740.4
2024-04-16;Elena Fernández;Logística;Ropa;Zapatos;3;297.43;892.29
2024-05-20;Javier Fernández;Logística;Hogar;Sofá;7;427.5;2992.5
2024-04-30;Roberto Ramírez;Marketing;Alimentos;Frutas;1;262.2;262.2
2024-05-01;María Vargas;Marketing;Alimentos;Carne;7;367.12;2569.84
2024-08-15;Fernando López;Ventas;Deportes;Pesas;7;174.32;1220.24
2025-03-08;Lucía Vargas;Logística;Hogar;Colchón;7;346.4;2424.8
2025-02-21;Fernando Ramírez;Marketing;Deportes;Raqueta;6;246.01;1476.06
2024-12-17;María Torres;Ventas;Hogar;Sofá;6;76.8;460.8
2024-08-08;Roberto Vargas;Ventas;Alimentos;Leche;2;421.75;843.5
2024-12-29;Pedro López;Finanzas;Deportes;Pesas;5;406.08;2030.4
2024-09-05;Javier López;Finanzas;Deportes;Balón;1;246.73;246.73
2024-11-27;Carlos Torres;Ventas;Deportes;Pesas;9;183.6;1652.4
2025-04-08;Roberto Gómez;Logística;Electrónica;Tablet;1;152.89;152.89
2024-08-15;Roberto Gómez;Finanzas;Deportes;Casco;5;37.69;188.45
2024-07-08;Roberto Rodríguez;Finanzas;Ropa;Pantalón;4;466.87;1867.48
2024-07-21;Pedro López;Logística;Deportes;Bicicleta;9;73.57;662.13
2024-10-03;Elena López;Finanzas;Deportes;Balón;8;475.96;3807.68
2024-11-11;Carlos Sánchez;Finanzas;Ropa;Pantalón;9;40.25;362.25
2024-09-15;Roberto Vargas;Ventas;Alimentos;Verduras;5;174.68;873.4
2025-03-05;Sofía Gómez;Logística;Alimentos;Pan;1;310.89;310.89
2024-05-05;Elena Torres;Ventas;Alimentos;Verduras;4;327.45;1309.8
2025-01-23;Sofía Fernández;Logística;Alimentos;Verduras;1;19.43;19.43
2025-03-23;Sofía Ramírez;Atención al Cliente;Electrónica;Teléfono;10;262.2;2622.0
2024-07-02;Elena Sánchez;Logística;Deportes;Raqueta;2;347.56;695.12
2024-05-17;María Pérez;Atención al Cliente;Electrónica;Auriculares;7;435.68;3049.76
2024-05-02;Roberto Torres;Marketing;Deportes;Casco;1;132.21;132.21
2024-12-17;Pedro Gómez;Finanzas;Electrónica;Tablet;6;450.54;2703.24
2025-01-04;Lucía Martínez;Finanzas;Alimentos;Leche;9;11.67;105.03
2024-05-09;Lucía Martínez;Logística;Ropa;Camisa;1;204.17;204.17
2024-10-26;Roberto Gómez;Logística;Deportes;Bicicleta;8;358.75;2870.0
2025-03-09;Elena Ramírez;Ventas;Ropa;Camisa;10;137.2;1372.0
2024-11-12;Pedro Pérez;Logística;Electrónica;Smartwatch;7;372.69;2608.83
2024-10-31;Roberto Pérez;Logística;Deportes;Bicicleta;4;274.09;1096.36
2025-02-09;Ana López;Marketing;Hogar;Lámpara;3;125.7;377.1
2024-05-14;Fernando Torres;Marketing;Deportes;Casco;9;114.56;1031.04
2024-10-29;Roberto Torres;Atención al Cliente;Hogar;Colchón;2;51.86;103.72
2024-10-19;Fernando Pérez;Logística;Alimentos;Carne;5;309.36;1546.8
2024-12-14;Carlos Sánchez;Ventas;Deportes;Bicicleta;2;102.98;205.96
2024-10-16;María Rodríguez;Marketing;Hogar;Mesa;5;410.2;2051.0
2024-08-13;Lucía Pérez;Logística;Deportes;Pesas;3;259.53;778.59
2025-04-07;Roberto Ramírez;Marketing;Hogar;Sofá;8;241.04;1928.32
2024-11-09;Roberto Rodríguez;Atención al Cliente;Alimentos;Verduras;5;259.31;1296.55
2024-12-31;Lucía Torres;Finanzas;Ropa;Pantalón;7;20.75;145.25
2024-12-17;Fernando Ramírez;Atención al Cliente;Electrónica;Teléfono;6;371.01;2226.06
2024-05-28;Javier Rodríguez;Ventas;Ropa;Bufanda;2;67.42;134.84
2024-07-21;Sofía López;Logística;Alimentos;Leche;3;309.63;928.89
2024-09-27;Pedro Fernández;Logística;Hogar;Silla;9;150.1;1350.9
2025-02-18;Carlos Martínez;Atención al Cliente;Ropa;Chaqueta;7;450.17;3151.19
2024-05-15;Elena Vargas;Logística;Electrónica;Tablet;8;111.83;894.64
2024-09-10;Elena Vargas;Finanzas;Electrónica;Auriculares;4;272.92;1091.68
2024-08-05;Elena López;Finanzas;Hogar;Silla;6;259.42;1556.52
2024-12-06;Carlos Rodríguez;Logística;Deportes;Bicicleta;8;283.86;2270.88
2024-05-25;Javier Sánchez;Atención al Cliente;Electrónica;Smartwatch;8;141.95;1135.6
2024-07-06;Sofía López;Ventas;Alimentos;Pan;4;259.21;1036.84
2024-07-12;Lucía Rodríguez;Ventas;Ropa;Pantalón;7;66.75;467.25
2024-06-25;Ana Gómez;Marketing;Alimentos;Frutas;8;166.44;1331.52
2025-04-03;Elena Vargas;Marketing;Alimentos;Leche;6;175.14;1050.84
2025-03-22;Lucía Vargas;Logística;Electrónica;Tablet;7;86.27;603.89
2025-03-30;Sofía Sánchez;Finanzas;Hogar;Sofá;6;314.46;1886.76
2024-08-02;Roberto Fernández;Marketing;Ropa;Bufanda;2;130.26;260.52
2025-01-26;Ana Rodríguez;Ventas;Alimentos;Leche;10;438.53;4385.3
2024-05-04;Carlos Fernández;Finanzas;Ropa;Zapatos;10;351.08;3510.8
2025-02-03;Javier Martínez;Logística;Ropa;Camisa;6;221.83;1330.98
2025-04-01;Carlos Gómez;Marketing;Hogar;Mesa;1;462.22;462.22
2024-08-31;Elena Martínez;Marketing;Electrónica;Auriculares;8;348.62;2788.96
2024-06-01;Ana Torres;Finanzas;Ropa;Zapatos;3;45.18;135.54
2024-10-05;Sofía Fernández;Marketing;Alimentos;Carne;8;232.09;1856.72
2025-01-12;Lucía Pérez;Atención al Cliente;Hogar;Sofá;10;107.26;1072.6
2024-07-26;Elena Fernández;Atención al Cliente;Alimentos;Pan;6;436.11;2616.66
2024-08-26;Lucía Martínez;Finanzas;Electrónica;Laptop;10;376.56;3765.6
2024-11-09;Elena Torres;Logística;Alimentos;Pan;1;127.95;127.95
2025-02-01;Roberto Sánchez;Finanzas;Ropa;Chaqueta;1;489.97;489.97
2024-08-29;Pedro López;Logística;Electrónica;Smartwatch;10;49.13;491.3
2024-07-15;Elena Sánchez;Ventas;Hogar;Silla;3;20.83;62.49
2025-03-09;María Ramírez;Finanzas;Deportes;Bicicleta;9;449.58;4046.22
2025-03-12;Javier Vargas;Atención al Cliente;Hogar;Silla;3;13.65;40.95
2024-04-16;Elena Pérez;Atención al Cliente;Ropa;Camisa;5;27.87;139.35
2024-04-13;Roberto Martínez;Logística;Electrónica;Tablet;6;187.57;1125.42
2024-12-19;Lucía Gómez;Marketing;Alimentos;Carne;2;321.69;643.38
2024-09-27;Lucía Torres;Marketing;Hogar;Lámpara;6;60.27;361.62
2025-03-24;Roberto Ramírez;Ventas;Hogar;Mesa;8;222.56;1780.48
2024-09-04;Elena Pérez;Marketing;Alimentos;Leche;5;127.4;637.0
2024-10-05;Fernando Pérez;Atención al Cliente;Alimentos;Leche;7;66.8;467.6
2024-08-28;Carlos Vargas;Finanzas;Deportes;Bicicleta;7;391.38;2739.66
2025-01-18;Sofía Gómez;Ventas;Ropa;Zapatos;4;488.96;1955.84
2024-05-31;Pedro Fernández;Ventas;Hogar;Mesa;10;353.7;3537.0
2024-08-12;Fernando Vargas;Atención al Cliente;Electrónica;Smartwatch;5;160.99;804.95
2024-04-20;Carlos Gómez;Marketing;Deportes;Bicicleta;8;414.83;3318.64
2025-02-27;Pedro Torres;Finanzas;Alimentos;Verduras;5;287.03;1435.15
2024-11-24;Lucía Sánchez;Logística;Alimentos;Frutas;9;53.56;482.04
